"","title","price"
"1","
Appleiphone 6","Rs. 64,000"
"2","
Appleiphone 5S 16GB","Rs. 55,000"
"3","
Appleiphone 5C 32GB","Coming Soon"
"4","
Appleiphone 5C 16GB","Rs. 30,000"
"5","
Appleiphone 5S 32GB","Rs. 63,000"
"6","
Appleiphone 5S 64GB","Rs. 72,000"
"7","
Appleiphone 6 Plus","Rs. 75,000"
"8","
Appleiphone 6s","Rs. 77,000"
"9","
Appleiphone 6s Plus","Rs. 94,000"
"10","
Appleiphone 5 16GB","Rs. 34,990"
"11","
Appleiphone 5 32GB","Rs. 66,000"
"12","
Appleiphone 5 64GB","Rs. 71,000"
"13","
BlackBerryZ10","Rs. 21,000"
"14","
BlackBerryCurve 9360","Rs. 18,000"
"15","
BlackBerryBold Touch 9900","Rs. 36,000"
"16","
BlackBerryQ10","Rs. 16,000"
"17","
BlackBerryQ5","Rs. 16,000"
"18","
BlackBerryTorch 9860","Rs. 25,000"
"19","
BlackBerryCurve 8900","Rs. 15,000"
"20","
BlackBerryCurve 8520","Rs. 12,500"
"21","
BlackBerryCurve 3G 9300","Rs. 13,300"
"22","
BlackBerryCurve 9380","Rs. 26,499"
"23","
BlackBerryBold 9790","Rs. 24,000"
"24","
BlackBerryTorch 9800","Rs. 20,500"
"25","
BlackBerryBold 9650","Rs. 36,000"
"26","
BlackBerryBold 9700","Rs. 27,000"
"27","
BlackBerryBold 9780","Rs. 27,500"
"28","
BlackBerry9720","Rs. 22,000"
"29","
BlackBerryCurve 9320","Rs. 15,000"
"30","
BlackBerryCurve 9220","Rs. 12,000"
"31","
CalmeC540","Rs. 2,100"
"32","
CalmeC660","Rs. 1,850"
"33","
CalmeC789","Rs. 1,500"
"34","
CalmeC790","Rs. 1,800"
"35","
CalmeC230","Rs. 1,600"
"36","
CalmeC343","Rs. 1,550"
"37","
CalmeC880","Rs. 1,800"
"38","
CalmeSpark S25","Rs. 4,800"
"39","
CalmeSpark S15","Rs. 5,500"
"40","
CalmeSpark S24","Rs. 5,800"
"41","
CalmeSpark S12","Rs. 4,200"
"42","
CalmeC882","Rs. 1,850"
"43","
CalmeC770","Rs. 1,390"
"44","
CalmeSpark S8","Rs. 7,500"
"45","
CalmeSpark S9","Rs. 7,000"
"46","
CalmeSpark S10","Rs. 7,000"
"47","
CalmeSpark S7","Rs. 4,000"
"48","
CalmeSpark S11","Rs. 4,800"
"49","
CalmeSpark S20","Rs. 8,000"
"50","
CalmeSpark S30","Rs. 9,500"
"51","
CalmeSpark S33","Rs. 8,300"
"52","
CalmeSpark S22","Rs. 7,500"
"53","
CalmeC340","Rs. 1,750"
"54","
ClubA90i","Rs. 2,750"
"55","
ClubA1","Rs. 1,800"
"56","
ClubHello 101","Coming Soon"
"57","
ClubHello 105","Rs. 14,000"
"58","
ClubA80","Rs. 2,100"
"59","
ClubA52","Rs. 2,100"
"60","
ClubA72","Rs. 2,100"
"61","
GFivePresident Tango 7","Rs. 19,900"
"62","
GFiveSmart 1","Rs. 4,595"
"63","
GFiveSmart 2","Rs. 4,595"
"64","
GFivePresident G10 Octa Core","Rs. 11,900"
"65","
GFiveBravo A2","Rs. 4,300"
"66","
GFivePresident G10 Fashion","Rs. 9,999"
"67","
GFivePresident G9","Rs. 9,999"
"68","
GFivePresident Shark 1","Rs. 3,250"
"69","
GFivePresident Shark 2","Rs. 3,495"
"70","
GFive4G LTE 3","Rs. 10,999"
"71","
GFive4G LTE 2","Rs. 7,999"
"72","
GFiveFanse A57","Rs. 4,500"
"73","
GFiveEshare A68","Rs. 5,500"
"74","
GFiveA79","Rs. 7,000"
"75","
GFivePresident G7","Rs. 9,999"
"76","
GFivePresident G6","Rs. 8,500"
"77","
GFiveBravo G95","Rs. 9,900"
"78","
GFiveGlory A86","Rs. 9,900"
"79","
GFiveBlade X F600","Rs. 6,600"
"80","
GFiveBlade F500","Rs. 5,400"
"81","
GFiveG Haptic Plus A77","Rs. 5,950"
"82","
GFiveLuminous E660","Rs. 5,990"
"83","
GFivePresident Xhero 7","Rs. 12,999"
"84","
GFiveBeam A68 Plus","Rs. 5,500"
"85","
GFivePresident G10","Rs. 17,999"
"86","
GFivePresident A97","Rs. 6,500"
"87","
GFiveA78 Ferrari","Rs. 11,000"
"88","
GRightG555","Rs. 1,750"
"89","
GRightInspire A380","Rs. 14,500"
"90","
GRightV666","Rs. 2,050"
"91","
GRightV888","Rs. 2,200"
"92","
GRightInspire A380 Mini","Rs. 12,500"
"93","
GRightS20","Rs. 2,100"
"94","
GRightVIEW X X1","Rs. 20,500"
"95","
GRightInspire A480","Rs. 14,800"
"96","
HaierNeon T20","Rs. 3,499"
"97","
HaierPursuit G10","Rs. 6,500"
"98","
HaierEsteem i80","Rs. 19,500"
"99","
HaierEsteem i50","Rs. 12,500"
"100","
HaierEsteem i40","Rs. 11,500"
"101","
HaierPursuit G20","Rs. 7,300"
"102","
HaierPursuit G30","Rs. 8,299"
"103","
HaierEsteem i70","Rs. 17,999"
"104","
HaierEsteem L50","Rs. 17,900"
"105","
HaierKlassic M106","Rs. 2,490"
"106","
HaierKlassic M107","Rs. 2,800"
"107","
HaierKlassic M108","Rs. 3,100"
"108","
HTCOne","Rs. 42,000"
"109","
HTCDesire 620","Coming Soon"
"110","
HTCDesire 620G","Coming Soon"
"111","
HTCDesire 210","Coming Soon"
"112","
HTCOne M9","Rs. 54,000"
"113","
HTCOne Mini 2","Rs. 32,000"
"114","
HTCDesire 320","Coming Soon"
"115","
HTCButterfly S","Coming Soon"
"116","
HTCOne E8","Rs. 50,000"
"117","
HTCOne Mini","Rs. 56,000"
"118","
HTCDesire 516","Rs. 24,000"
"119","
HTCDesire 600","Rs. 30,000"
"120","
HTCDesire 626","Rs. 20,000"
"121","
HTCOne A9","Coming Soon"
"122","
HTCExplorer","Rs. 11,700"
"123","
HTCSensation XL","Rs. 41,000"
"124","
HTCDesire 500","Rs. 24,500"
"125","
HTCDesire 300","Rs. 19,900"
"126","
HTCOne Max","Coming Soon"
"127","
HTCButterfly 3","Coming Soon"
"128","
HTCOne E9s","Coming Soon"
"129","
HTCButterfly 2","Coming Soon"
"130","
HTCOne X","Rs. 48,000"
"131","
HTCDesire 510","Rs. 17,999"
"132","
HTCDesire 626G Plus","Coming Soon"
"133","
HTCOne S","Rs. 41,000"
"134","
HTCDesire 326G","Coming Soon"
"135","
HTCDesire 820","Rs. 24,500"
"136","
HTCDesire 700","Rs. 33,000"
"137","
HTCDesire C","Rs. 18,000"
"138","
HTCDesire 828","Coming Soon"
"139","
HTCAmaze 4G","Rs. 25,500"
"140","
HTCDesire Eye","Rs. 43,000"
"141","
HTCDesire V","Rs. 29,800"
"142","
HTCDesire 816G Dual Sim","Rs. 36,000"
"143","
HTCDesire X","Rs. 29,000"
"144","
HTCOne M8","Rs. 44,000"
"145","
HTCDesire 816","Rs. 22,500"
"146","
HTCDesire 610","Rs. 33,000"
"147","
HTCOne X 16GB","Rs. 48,000"
"148","
HTCButterfly","Rs. 45,000"
"149","
HuaweiHonor 4A","Coming Soon"
"150","
HuaweiAscend Y600","Rs. 13,500"
"151","
HuaweiAscend G730","Rs. 21,499"
"152","
HuaweiAscend Y210D","Rs. 10,000"
"153","
HuaweiAscend P7","Rs. 41,000"
"154","
HuaweiAscend Mate 7 Gold","Rs. 56,999"
"155","
HuaweiAscend G510 U8951","Rs. 12,000"
"156","
HuaweiAscend Y300","Rs. 13,500"
"157","
HuaweiMate S","Rs. 67,999"
"158","
HuaweiHonor 7i","Coming Soon"
"159","
HuaweiG8","Rs. 40,999"
"160","
HuaweiAscend P6","Rs. 36,500"
"161","
HuaweiHonor 3C","Rs. 17,900"
"162","
HuaweiHonor 6","Rs. 36,499"
"163","
HuaweiHonor 4C PLus","Coming Soon"
"164","
HuaweiP8 Dual SIM","Rs. 54,000"
"165","
HuaweiNexus 6P","Coming Soon"
"166","
HuaweiG610s","Rs. 16,000"
"167","
HuaweiY6","Rs. 14,899"
"168","
HuaweiAscend Y330","Rs. 8,999"
"169","
HuaweiAscend Y540","Coming Soon"
"170","
HuaweiAscend G700","Rs. 25,900"
"171","
HuaweiHonor X5","Coming Soon"
"172","
HuaweiAscend G630","Rs. 18,000"
"173","
HuaweiY635","Rs. 13,500"
"174","
HuaweiHonor 3X G750","Rs. 31,999"
"175","
HuaweiAscend Y320","Rs. 9,500"
"176","
HuaweiHonor 3C Play","Coming Soon"
"177","
HuaweiEnjoy 5","Coming Soon"
"178","
HuaweiY625","Rs. 12,999"
"179","
HuaweiAscend G7","Rs. 27,499"
"180","
HuaweiP8max","Rs. 55,999"
"181","
HuaweiP8 Lite","Rs. 23,899"
"182","
HuaweiAscend Mate 7","Rs. 49,999"
"183","
HuaweiP8","Rs. 49,999"
"184","
HuaweiHonor 4C","Rs. 19,999"
"185","
HuaweiAscend Y511","Rs. 12,300"
"186","
HuaweiG7 Plus","Coming Soon"
"187","
HuaweiP9max","Coming Soon"
"188","
HuaweiAscend Y550","Rs. 14,999"
"189","
HuaweiHonor 4 Play","Coming Soon"
"190","
HuaweiAscend Y520","Rs. 9,799"
"191","
HuaweiAscend Y220","Rs. 6,999"
"192","
HuaweiAscend Mate 8","Coming Soon"
"193","
HuaweiHonor 6 Plus","Coming Soon"
"194","
HuaweiHonor 7","Rs. 45,499"
"195","
HuaweiHonor 3C Lite","Rs. 16,000"
"196","
HuaweiAscend Y201 Pro","Rs. 12,000"
"197","
HuaweiAscend G6","Rs. 22,999"
"198","
HuaweiHonor 4X","Rs. 25,799"
"199","
HuaweiAscend Y530","Rs. 14,999"
"200","
HuaweiY3","Rs. 8,499"
"201","
HuaweiAscend Y221","Rs. 7,600"
"202","
HuaweiHonor 3C 4G","Rs. 28,999"
"203","
HuaweiY5","Rs. 10,999"
"204","
iNewL1","Rs. 20,500"
"205","
iNewV7","Rs. 17,300"
"206","
iNewV1","Rs. 11,500"
"207","
iNewU1","Rs. 7,100"
"208","
iNewL4","Rs. 20,900"
"209","
iNewL3","Coming Soon"
"210","
iNewU3","Coming Soon"
"211","
iNewU5","Coming Soon"
"212","
LenovoA2010","Rs. 11,500"
"213","
LenovoA328","Rs. 9,800"
"214","
LenovoVibe P1","Coming Soon"
"215","
LenovoA319","Rs. 7,900"
"216","
LenovoVibe P1m","Coming Soon"
"217","
LenovoVibe Z2 Pro","Rs. 75,500"
"218","
LenovoA6010","Coming Soon"
"219","
LenovoVibe X2","Rs. 30,600"
"220","
LenovoVibe X3","Coming Soon"
"221","
LenovoPhab Plus","Coming Soon"
"222","
LenovoA7000 Plus","Coming Soon"
"223","
LenovoA1000","Rs. 8,500"
"224","
LenovoA7000","Rs. 19,500"
"225","
LenovoVibe X3 Lite","Coming Soon"
"226","
LenovoK80","Coming Soon"
"227","
LenovoA3690","Coming Soon"
"228","
LenovoS60","Rs. 22,700"
"229","
LenovoA6000","Rs. 14,900"
"230","
LenovoVibe Z2","Rs. 51,000"
"231","
LenovoS90","Rs. 26,900"
"232","
LenovoA369i","Rs. 7,900"
"233","
LenovoS650","Rs. 14,500"
"234","
LenovoS850","Rs. 19,500"
"235","
LenovoS860","Rs. 24,900"
"236","
LenovoP70","Rs. 24,900"
"237","
LenovoA5000","Rs. 13,900"
"238","
LenovoVibe S1","Coming Soon"
"239","
LenovoK3 Note","Coming Soon"
"240","
LenovoA536","Rs. 13,000"
"241","
LGGX300","Rs. 9,000"
"242","
LGGX200","Rs. 6,999"
"243","
LGG4 Beat","Coming Soon"
"244","
LGGW300","Rs. 8,500"
"245","
LGNexus 4","Rs. 33,000"
"246","
LGC105","Rs. 6,950"
"247","
LGOptimus 4X HD P880","Rs. 35,000"
"248","
LGOptimus 3D Max P720","Rs. 30,000"
"249","
LGPrada 3.0","Rs. 24,500"
"250","
LGOptimus Vu P895","Rs. 28,000"
"251","
LGOptimus L9 P768","Rs. 27,000"
"252","
LGG Pro 2","Rs. 43,000"
"253","
LGOptimus L7 II","Rs. 24,000"
"254","
LGVolt","Coming Soon"
"255","
LGL35","Coming Soon"
"256","
LGG3","Rs. 35,000"
"257","
LGOptimus L5 II","Rs. 17,000"
"258","
LGV10","Rs. 66,000"
"259","
LGG5","N/A"
"260","
LGClass","Coming Soon"
"261","
LGKP175","Rs. 5,950"
"262","
LGNexus 5X","Coming Soon"
"263","
LGNexus 5","Rs. 36,000"
"264","
LGG2","Rs. 33,000"
"265","
LGG Flex","Rs. 50,000"
"266","
LGG Vista 2","Coming Soon"
"267","
LGOptimus G","Rs. 50,000"
"268","
LGC199","Rs. 8,000"
"269","
LGG4","Rs. 45,000"
"270","
LGE400 Optimus L3","Rs. 14,600"
"271","
LGG4 Stylus","Coming Soon"
"272","
LGG4 Pro","Coming Soon"
"273","
LGP705 Optimus L7","Rs. 15,500"
"274","
LGG350","Coming Soon"
"275","
LGGS108","Rs. 1,750"
"276","
LGKG195","Rs. 4,200"
"277","
LGA165","Rs. 3,850"
"278","
Megagate3310 Max","Rs. 2,000"
"279","
Megagate4410 Play","Rs. 2,500"
"280","
Megagate5510 Opel","Rs. 2,950"
"281","
Megagate5810 Sound Blaster","Rs. 4,100"
"282","
MegagateK310 Messenger","Rs. 3,250"
"283","
MegagateK510 Trackpad","Rs. 3,950"
"284","
MegagateT610 Titan","Rs. 4,000"
"285","
Megagate2210 Movie","Rs. 1,300"
"286","
Megagate6610 BlockBuster","Rs. 4,150"
"287","
Megagate5210 Rockstar","Rs. 3,300"
"288","
MegagateW710 Wi Fii","Rs. 4,300"
"289","
MegagateMAXIMUS W750","Rs. 8,900"
"290","
Megagate4210 Movie Maker","Rs. 2,100"
"291","
MegagateSwipe T410","Rs. 2,600"
"292","
MicrosoftLumia 535 Dual Sim","Rs. 14,090"
"293","
MicrosoftLumia 435 Dual Sim","Rs. 7,950"
"294","
MicrosoftLumia 532","Rs. 8,700"
"295","
MicrosoftLumia 950","Coming Soon"
"296","
MicrosoftLumia 950 XL","Coming Soon"
"297","
MicrosoftLumia 550","Coming Soon"
"298","
MicrosoftLumia 640 Dual SIM","Coming Soon"
"299","
MicrosoftLumia 640 XL","Rs. 22,700"
"300","
MicrosoftLumia 430","Rs. 7,950"
"301","
MicrosoftLumia 540","Rs. 16,750"
"302","
MicrosoftLumia 940 XL","Coming Soon"
"303","
MicrosoftLumia 940","Coming Soon"
"304","
MotorolaW230","Rs. 2,900"
"305","
MotorolaW180","Rs. 2,150"
"306","
MotorolaC118","Rs. 2,000"
"307","
MotorolaC168","Rs. 3,100"
"308","
MotorolaL6","Rs. 6,600"
"309","
MotorolaV3i","Rs. 8,100"
"310","
MotorolaW208","Rs. 3,500"
"311","
NokiaLumia 630","Rs. 15,950"
"312","
NokiaLumia 635","Coming Soon"
"313","
Nokia225","Rs. 6,675"
"314","
Nokia105","Rs. 2,730"
"315","
NokiaLumia 520","Rs. 10,350"
"316","
NokiaLumia 638","Coming Soon"
"317","
NokiaLumia 720","Rs. 27,600"
"318","
Nokia301","Rs. 8,850"
"319","
NokiaAsha 210","Rs. 7,800"
"320","
NokiaC2 00","Rs. 4,975"
"321","
NokiaAsha 501","Rs. 6,000"
"322","
Nokia215","Rs. 4,160"
"323","
Nokia222","Rs. 5,200"
"324","
Nokia222 Dual Sim","Rs. 5,200"
"325","
Nokia208","Rs. 5,400"
"326","
NokiaLumia 630 Dual SIM","Rs. 15,950"
"327","
NokiaX2","Rs. 14,800"
"328","
NokiaLumia 625","Rs. 22,500"
"329","
NokiaC2 05","Rs. 5,950"
"330","
Nokia515","Rs. 15,800"
"331","
NokiaLumia 530","Rs. 10,850"
"332","
Nokia108","Rs. 3,600"
"333","
Nokia130","Rs. 3,160"
"334","
NokiaAsha 200","Rs. 7,550"
"335","
NokiaAsha 500","Rs. 6,000"
"336","
NokiaAsha 202","Rs. 7,700"
"337","
NokiaLumia 525","Rs. 17,350"
"338","
Nokia110","Rs. 4,500"
"339","
Nokia112","Rs. 4,700"
"340","
NokiaLumia 830","Rs. 45,400"
"341","
NokiaLumia 730","Rs. 20,750"
"342","
NokiaLumia 735","Coming Soon"
"343","
NokiaAsha 305","Rs. 7,800"
"344","
NokiaC1","Coming Soon"
"345","
NokiaLumia 800","Rs. 39,900"
"346","
Nokia1280","Rs. 2,350"
"347","
NokiaLumia 900","Rs. 49,700"
"348","
NokiaX","Rs. 9,600"
"349","
NokiaLumia 930","Rs. 54,200"
"350","
NokiaXL","Rs. 15,100"
"351","
NokiaAsha 230","Rs. 4,500"
"352","
Nokia220","Rs. 4,975"
"353","
NokiaAsha 205","Rs. 5,500"
"354","
Nokia206","Rs. 6,800"
"355","
NokiaLumia 620","Rs. 20,000"
"356","
NokiaC2 01","Rs. 7,100"
"357","
OPhoneSmarty 430","Rs. 4,700"
"358","
OPhoneSmarty 350i","Rs. 4,700"
"359","
OPhoneIris 410","Rs. 3,600"
"360","
OPhoneO9","Rs. 3,400"
"361","
OPhoneO1","Rs. 1,550"
"362","
OPhoneO2","Rs. 1,400"
"363","
OPhoneStag X321","Rs. 2,950"
"364","
OPhoneVibe X300","Rs. 2,300"
"365","
OPhoneOze4","Rs. 7,000"
"366","
OPhoneSpark X250","Rs. 2,950"
"367","
OPhoneX325","Rs. 2,250"
"368","
OppoMirror 5","Rs. 25,800"
"369","
OppoFind 7a","Rs. 29,990"
"370","
OppoNeo 3","Rs. 14,500"
"371","
OppoJoy","Rs. 7,500"
"372","
OppoR7 Lite","Rs. 29,990"
"373","
OppoN1 mini","Rs. 39,900"
"374","
OppoYoyo","Rs. 15,990"
"375","
OppoFind 7","Rs. 55,900"
"376","
OppoA33","Coming Soon"
"377","
OppoR7s","Coming Soon"
"378","
OppoR1k","Rs. 29,900"
"379","
OppoR7s Plus","Coming Soon"
"380","
OppoNeo 7","Coming Soon"
"381","
OppoJoy Plus","Rs. 11,990"
"382","
OppoMirror 3","Rs. 19,990"
"383","
OppoNeo 5","Rs. 14,999"
"384","
OppoR7 Plus","Rs. 39,990"
"385","
OppoNeo 5S","Rs. 16,999"
"386","
OppoJoy 3","Rs. 15,990"
"387","
OppoN3","Rs. 59,900"
"388","
OppoR5","Rs. 39,990"
"389","
QMobileTablet QTab Q800","Rs. 12,500"
"390","
QMobileR200","Rs. 1,700"
"391","
QMobileNoir X14","Rs. 6,600"
"392","
QMobileNoir X200","Rs. 10,500"
"393","
QMobileM225","Rs. 2,050"
"394","
QMobileN150","Rs. 2,200"
"395","
QMobileNoir X500","Rs. 11,000"
"396","
QMobileM125","Rs. 1,950"
"397","
QMobileM250","Rs. 2,450"
"398","
QMobileE4","Rs. 2,750"
"399","
QMobileX7","Rs. 2,850"
"400","
QMobileM70","Rs. 2,500"
"401","
QMobileL3","Rs. 1,525"
"402","
QMobileR2000","Rs. 2,650"
"403","
QMobileNoir X35","Rs. 7,250"
"404","
QMobileR3000","Rs. 2,950"
"405","
QMobileBolt T300","Rs. 7,250"
"406","
QMobileR1000","Rs. 2,750"
"407","
QMobileBolt T500","Rs. 8,990"
"408","
QMobileLinq L15","Rs. 11,800"
"409","
QMobileR390","Rs. 1,990"
"410","
QMobileH67","Rs. 2,300"
"411","
QMobileMagnus X6i","Rs. 4,500"
"412","
QMobileMagnus X2i","Rs. 3,990"
"413","
QMobileMagnus X2 Music","Rs. 4,100"
"414","
QMobileN90","Rs. 2,075"
"415","
QMobileJ2500","Rs. 2,750"
"416","
QMobileH54","Rs. 2,050"
"417","
QMobileNoir X100","Rs. 8,150"
"418","
QMobileN100","Rs. 2,150"
"419","
QMobileNoir X300","Rs. 12,500"
"420","
QMobileL4","Rs. 1,500"
"421","
QMobileNoir X2","Rs. 3,850"
"422","
QMobileNoir M82","Rs. 7,950"
"423","
QMobileW20","Rs. 2,200"
"424","
QMobileNoir i4","Rs. 7,250"
"425","
QMobileNoir i5","Rs. 8,800"
"426","
QMobileJ5500","Rs. 2,999"
"427","
QMobileNoir X6","Rs. 3,900"
"428","
QMobileNoir X5","Rs. 4,000"
"429","
QMobileNoir S5","Rs. 14,900"
"430","
QMobileR950","Rs. 2,450"
"431","
QMobileNoir X34","Rs. 6,650"
"432","
QMobileNoir X250","Rs. 10,800"
"433","
QMobileNoir X40","Rs. 6,990"
"434","
QMobileR740","Rs. 2,475"
"435","
QMobileNoir X20","Rs. 6,800"
"436","
QMobileBolt T250","Rs. 5,600"
"437","
QMobileBolt T5","Rs. 3,650"
"438","
QMobileR450","Rs. 2,250"
"439","
QMobileNoir X80","Rs. 6,900"
"440","
QMobileS300","Rs. 2,175"
"441","
QMobileB80","Rs. 1,990"
"442","
QMobileC12","Rs. 1,825"
"443","
QMobileNoir i6i","Rs. 8,250"
"444","
QMobilePower 1000","Rs. 2,950"
"445","
QMobileG400","Rs. 2,750"
"446","
QMobileBolt T480","Rs. 6,500"
"447","
QMobileNoir M95","Rs. 10,500"
"448","
QMobileNoir i5i","Rs. 9,500"
"449","
QMobileL7","Rs. 1,650"
"450","
QMobileNoir X60","Rs. 7,500"
"451","
QMobileNoir X70","Rs. 7,050"
"452","
QMobileNoir X90","Rs. 8,300"
"453","
QMobileNoir X550","Rs. 13,500"
"454","
QMobileTitan X700i","Rs. 12,900"
"455","
QMobileNoir A900","Rs. 18,800"
"456","
QMobileS250","Rs. 2,150"
"457","
QMobileNoir M82i","Rs. 6,900"
"458","
QMobileF1","Rs. 2,375"
"459","
QMobileS150","Rs. 2,075"
"460","
QMobileNoir V2","Rs. 9,900"
"461","
QMobileR380","Rs. 2,100"
"462","
QMobileR370","Rs. 1,875"
"463","
QMobileR300","Rs. 1,825"
"464","
QMobileNoir LT250","Rs. 13,900"
"465","
QMobileNoir Z7","Rs. 23,500"
"466","
QMobileNoir X600","Rs. 14,900"
"467","
QMobileS50","Rs. 2,050"
"468","
QMobileM800","Rs. 2,250"
"469","
QMobileNoir Z6","Rs. 22,500"
"470","
QMobileNoir X37","Rs. 5,850"
"471","
QMobileNoir LT150","Rs. 10,900"
"472","
QMobileNoir X700","Rs. 12,000"
"473","
QMobileNoir X900 16GB","Rs. 14,900"
"474","
QMobileNoir X900 8GB","Rs. 14,000"
"475","
QMobileLinq X70","Rs. 7,050"
"476","
QMobileLinq LT10","Rs. 13,500"
"477","
QMobileNoir A290","Rs. 7,800"
"478","
QMobileNoir A115","Rs. 5,500"
"479","
QMobileTablet QTab Q400","Rs. 11,900"
"480","
QMobileNoir X1","Rs. 4,500"
"481","
QMobileXL10","Rs. 2,750"
"482","
QMobileNoir A610","Rs. 17,900"
"483","
QMobileXL40","Rs. 2,890"
"484","
QMobileTablet QTab Q850","Rs. 13,900"
"485","
QMobileXL20","Rs. 2,850"
"486","
QMobileNoir X450","Rs. 10,500"
"487","
QMobileXL30","Rs. 2,875"
"488","
QMobileG175","Rs. 1,700"
"489","
QMobileM50","Rs. 2,150"
"490","
QMobileM100","Rs. 2,200"
"491","
QMobileNoir Z8","Rs. 16,900"
"492","
QMobileLinq LT600","Rs. 14,900"
"493","
QMobileNoir M300","Rs. 16,000"
"494","
QMobileNoir X350","Rs. 9,800"
"495","
QMobileNoir X25","Rs. 6,950"
"496","
QMobileR480","Rs. 2,650"
"497","
QMobileH52","Rs. 1,860"
"498","
QMobileR990","Rs. 2,950"
"499","
QMobileXL50","Rs. 3,250"
"500","
QMobileR720","Rs. 2,090"
"501","
QMobileH64","Rs. 2,050"
"502","
QMobileNitro Pro M88","Rs. 8,800"
"503","
QMobileW1","Rs. 5,990"
"504","
QMobileC10","Rs. 1,950"
"505","
QMobileR240","Rs. 2,050"
"506","
QMobileN225","Rs. 1,890"
"507","
QMobileB65","Rs. 1,800"
"508","
QMobileL2","Rs. 1,550"
"509","
QMobileH66","Rs. 2,050"
"510","
QMobileS200","Rs. 2,100"
"511","
QMobileH63","Rs. 2,025"
"512","
QMobileNoir S2","Rs. 11,500"
"513","
QMobileNoir E8","Coming Soon"
"514","
QMobileE995","Rs. 3,500"
"515","
QMobileR360","Rs. 2,600"
"516","
QMobileL1","Rs. 1,490"
"517","
QMobileNoir M90","Rs. 13,500"
"518","
QMobileNoir X800","Rs. 13,000"
"519","
QMobileNoir X10","Rs. 4,650"
"520","
QMobileBolt T200","Rs. 5,350"
"521","
QMobileExplorer 3G","Rs. 3,990"
"522","
QMobileTablet QTab Q300","Rs. 11,500"
"523","
QMobileNoir Z8 Plus","Rs. 20,999"
"524","
QMobileNoir i8","Rs. 11,900"
"525","
QMobileB260","Rs. 2,100"
"526","
QMobileB600","Rs. 2,850"
"527","
QMobileNoir X30","Rs. 5,490"
"528","
QMobileR800","Rs. 2,625"
"529","
QMobilePower3","Rs. 2,175"
"530","
QMobileM80","Rs. 2,200"
"531","
QMobileX4","Rs. 2,450"
"532","
QMobileBolt T50","Rs. 4,990"
"533","
QMobileR400","Rs. 2,250"
"534","
QMobileR440","Rs. 2,150"
"535","
QMobilePower4","Rs. 2,275"
"536","
QMobileW200","Rs. 3,800"
"537","
QMobileNoir X950","Rs. 26,500"
"538","
QMobileR250","Rs. 2,550"
"539","
QMobileNoir X400","Rs. 10,500"
"540","
QMobileNoir S1","Rs. 10,200"
"541","
QMobileNoir X150","Rs. 9,950"
"542","
QMobileA1","Rs. 11,500"
"543","
QMobileR850","Rs. 2,475"
"544","
QMobileN175","Rs. 2,200"
"545","
QMobileNoir Z9","Rs. 19,500"
"546","
QMobileBolt T400","Rs. 7,990"
"547","
QMobileN250","Rs. 2,275"
"548","
RivoRhythm RX65","Rs. 6,950"
"549","
RivoRhythm RX70","Rs. 8,700"
"550","
RivoRhythm RX80","Rs. 9,399"
"551","
RivoRhythm RX75","Rs. 8,900"
"552","
RivoRhythm RX100","Rs. 14,900"
"553","
RivoRhythm RX45","Rs. 4,600"
"554","
RivoPhantom PZ1","Rs. 6,550"
"555","
RivoPhantom PZ10","Rs. 12,500"
"556","
RivoPhantom PZ8","Rs. 9,400"
"557","
RivoPhantom PZ15","Rs. 14,000"
"558","
RivoRhythm RX60","Rs. 9,499"
"559","
RivoRhythm RX55","Rs. 5,450"
"560","
RivoPhantom PZ18","Rs. 16,500"
"561","
RivoRhythm RX50","Rs. 5,200"
"562","
RivoRhythm RX35","Rs. 5,700"
"563","
RivoRhythm RX40","Rs. 6,700"
"564","
RivoAdvance A240","Rs. 2,550"
"565","
RivoAdvance A235","Rs. 2,375"
"566","
RivoAdvance A230","Rs. 2,550"
"567","
RivoAdvance A225","Rs. 2,125"
"568","
RivoAdvance A220","Rs. 2,075"
"569","
RivoAdvance A210","Rs. 1,975"
"570","
RivoJaguar J505","Rs. 2,990"
"571","
RivoSapphire S610","Rs. 2,875"
"572","
RivoNeo N310","Rs. 2,150"
"573","
RivoRhythm RX150","Rs. 12,850"
"574","
SamsungGalaxy S6","Rs. 54,999"
"575","
SamsungGalaxy S4 I9500","Rs. 37,500"
"576","
SamsungGalaxy S5 Active","N/A"
"577","
SamsungGalaxy S5 Mini","N/A"
"578","
SamsungGalaxy Note 5","Rs. 77,500"
"579","
SamsungGalaxy Core Prime","Rs. 14,500"
"580","
SamsungGalaxy Grand 3","Coming Soon"
"581","
SamsungGalaxy A7","Rs. 42,999"
"582","
SamsungGalaxy Grand I9082","Rs. 35,900"
"583","
SamsungGalaxy Ace Style","Coming Soon"
"584","
SamsungE2202","Rs. 4,200"
"585","
SamsungGalaxy S3 Neo","Rs. 24,999"
"586","
SamsungGalaxy K Zoom","Rs. 41,500"
"587","
SamsungGalaxy S6 Edge Plus","Rs. 89,999"
"588","
SamsungGalaxy S5 Neo","Coming Soon"
"589","
SamsungGalaxy E7","Rs. 35,500"
"590","
SamsungGalaxy Core I8260","Rs. 22,500"
"591","
SamsungGalaxy S2 Plus","Rs. 31,999"
"592","
SamsungYacca B360","Rs. 5,800"
"593","
SamsungGalaxy Star S5282","Rs. 6,000"
"594","
SamsungGalaxy S4 Mini I9190","Rs. 45,000"
"595","
SamsungGalaxy S4 Active I9295","Rs. 67,000"
"596","
SamsungGalaxy Ace 3","Rs. 19,499"
"597","
SamsungGalaxy E5","N/A"
"598","
SamsungGalaxy Grand Max","Coming Soon"
"599","
SamsungGalaxy Mega 5.8","Rs. 42,500"
"600","
SamsungGalaxy Core Lite LTE","Coming Soon"
"601","
SamsungGalaxy Pocket 2","Coming Soon"
"602","
SamsungGalaxy J1 Ace","Rs. 11,999"
"603","
SamsungGalaxy Mega 6.3","Rs. 52,000"
"604","
SamsungMetro B350E","Rs. 4,999"
"605","
SamsungGalaxy W","Coming Soon"
"606","
SamsungGalaxy J1","Rs. 13,999"
"607","
SamsungGalaxy E5 Duos","Rs. 29,500"
"608","
SamsungGalaxy Core 2","Rs. 12,999"
"609","
SamsungGalaxy Star 2","Rs. 6,800"
"610","
SamsungGalaxy Ace 4","Rs. 10,100"
"611","
SamsungGalaxy S7","N/A"
"612","
SamsungGalaxy Mega On","N/A"
"613","
SamsungGalaxy Note 3","Rs. 48,999"
"614","
SamsungGalaxy S4 Zoom","Rs. 57,000"
"615","
SamsungGalaxy Star 2 Plus","Rs. 9,500"
"616","
SamsungGalaxy Star Pro","Rs. 8,500"
"617","
SamsungGalaxy S6 Edge","Rs. 69,999"
"618","
SamsungGalaxy Alpha","Rs. 50,000"
"619","
SamsungGalaxy Active Neo","Coming Soon"
"620","
SamsungB310","Rs. 2,599"
"621","
SamsungB312 Brio","Rs. 3,499"
"622","
SamsungGalaxy A9","Coming Soon"
"623","
SamsungGalaxy Grand 2","Rs. 32,900"
"624","
SamsungGalaxy Ace 4 Lite","Rs. 9,500"
"625","
SamsungGalaxy S Duos 2","Rs. 13,900"
"626","
SamsungGalaxy S3 I9300","Rs. 33,900"
"627","
SamsungGalaxy Note Edge","Rs. 89,000"
"628","
SamsungGalaxy On7","Coming Soon"
"629","
SamsungGalaxy On5","Coming Soon"
"630","
SamsungE1205","Rs. 2,500"
"631","
SamsungGalaxy J3","Coming Soon"
"632","
SamsungGalaxy Ace Duos S6802","Rs. 9,900"
"633","
SamsungGalaxy Grand Neo","Rs. 17,200"
"634","
SamsungGalaxy Note 3 Neo","Rs. 37,000"
"635","
SamsungGalaxy Grand On","N/A"
"636","
SamsungGalaxy Grand Prime","Rs. 19,999"
"637","
SamsungGalaxy Pocket Duos S5302","Rs. 11,900"
"638","
SamsungGalaxy A8","Rs. 51,000"
"639","
SamsungGalaxy J5","Rs. 23,000"
"640","
SamsungGalaxy S Duos S7562","Rs. 21,000"
"641","
SamsungGalaxy J7","Rs. 28,000"
"642","
SamsungGalaxy Note 4","Rs. 59,999"
"643","
SamsungE1207","Rs. 2,500"
"644","
SamsungGalaxy S6 Plus","Coming Soon"
"645","
SamsungGalaxy S5","Rs. 46,999"
"646","
SamsungGalaxy Music Duos S6012","Rs. 9,250"
"647","
SamsungGalaxy J2","Rs. 16,500"
"648","
SamsungGalaxy A5","Rs. 35,999"
"649","
SamsungGalaxy A3","Rs. 25,999"
"650","
SamsungE1282 Duos","Rs. 2,800"
"651","
SamsungS5611","Rs. 7,999"
"652","
SamsungGalaxy S3 Slim","N/A"
"653","
SamsungGalaxy SIII mini I8190","Rs. 22,000"
"654","
SonyXperia Z","Rs. 30,000"
"655","
SonyXperia ZL","Rs. 47,500"
"656","
SonyXperia E Dual","Rs. 13,000"
"657","
SonyXperia SP","Rs. 22,000"
"658","
SonyXperia L","Rs. 18,000"
"659","
SonyXperia TX","Rs. 32,000"
"660","
SonyXperia V","Rs. 27,000"
"661","
SonyXperia C5 Ultra","Coming Soon"
"662","
SonyXperia M5","Coming Soon"
"663","
SonyXperia Z4","Coming Soon"
"664","
SonyXperia E4","Rs. 16,000"
"665","
SonyXperia M","Rs. 15,000"
"666","
SonyXperia T3","Rs. 25,000"
"667","
SonyXperia Z5","Coming Soon"
"668","
SonyXperia Z2a","Rs. 51,000"
"669","
SonyXperia Z5 Premium","Coming Soon"
"670","
SonyXperia Z5 Compact","Coming Soon"
"671","
SonyXperia ZR","Rs. 40,999"
"672","
SonyXperia Z Ultra","Rs. 31,000"
"673","
SonyXperia Z1","Rs. 30,000"
"674","
SonyXperia C3","Rs. 25,000"
"675","
SonyXperia T","Rs. 26,000"
"676","
SonyXperia C","Rs. 20,000"
"677","
SonyXperia E4g","Coming Soon"
"678","
SonyXperia M4 Aqua","Coming Soon"
"679","
SonyXperia M2 Aqua","Rs. 18,500"
"680","
SonyXperia E3","Rs. 19,000"
"681","
SonyXperia Z3 Compact","Rs. 41,000"
"682","
SonyXperia Z1 Compact","Rs. 41,000"
"683","
SonyXperia T2 Ultra","Rs. 27,000"
"684","
SonyXperia C4","Coming Soon"
"685","
SonyXperia Z3","Rs. 49,000"
"686","
SonyXperia Z3 Plus","Coming Soon"
"687","
SonyXperia Tipo Dual","Rs. 12,500"
"688","
SonyXperia Go","Rs. 18,500"
"689","
SonyXperia M2","Rs. 18,000"
"690","
SonyXperia Z2","Rs. 39,500"
"691","
SonyXperia J","Rs. 15,500"
"692","
Sony EricssonK330","Rs. 5,100"
"693","
VoiceXtreme X3","Rs. 14,800"
"694","
VoiceXtreme V25","Rs. 8,900"
"695","
VoiceXtreme V22","Rs. 8,300"
"696","
VoiceXtreme V80","Rs. 14,800"
"697","
VoiceXtreme V55","Rs. 11,900"
"698","
VoiceXtreme V50","Rs. 11,800"
"699","
VoiceV666","Rs. 2,200"
"700","
VoiceV190","Rs. 3,300"
"701","
VoiceXtreme X2","Rs. 11,500"
"702","
VoiceXtreme V12","Rs. 5,950"
"703","
VoiceXtreme V44","Rs. 7,500"
"704","
VoiceV177","Rs. 3,050"
"705","
VoiceV170","Rs. 2,700"
"706","
VoiceV130","Rs. 1,550"
"707","
VoiceXtreme V70","Rs. 9,800"
"708","
VoiceXtreme V60","Rs. 8,800"
"709","
VoiceXtreme V30","Rs. 10,200"
"710","
VoiceV175","Rs. 3,000"
"711","
VoiceV140","Rs. 1,650"
"712","
VoiceV160","Rs. 2,150"
"713","
VoiceV440","Rs. 1,750"
"714","
VoiceV300","Rs. 2,000"
"715","
VoiceV250","Rs. 2,000"
"716","
VoiceV200","Rs. 1,750"
"717","
VoiceXtreme V40","Rs. 11,500"
"718","
VoiceV380","Rs. 2,350"
"719","
VoiceV650","Rs. 3,200"
"720","
VoiceV470","Rs. 2,600"
"721","
VoiceV390","Rs. 2,400"
"722","
VoiceV125","Rs. 2,000"
"723","
VoiceV180","Rs. 2,750"
"724","
VoiceXtreme V10","Rs. 5,950"
"725","
VoiceXtreme V15","Rs. 4,600"
"726","
VoiceV150","Rs. 2,400"
"727","
VoiceV115","Rs. 2,650"
"728","
VoiceV165","Rs. 2,650"
"729","
VoiceXtreme V75","Rs. 15,800"
"730","
VoiceV210","Rs. 1,600"
"731","
VoiceV395","Rs. 2,450"
"732","
VoiceXtreme V40i","Rs. 11,200"
"733","
VoiceXtreme V14","Rs. 6,950"
"734","
VoiceV850","Rs. 3,700"
"735","
VoiceV144","Rs. 2,200"
"736","
VoiceV185","Rs. 2,950"
"737","
VoiceV145","Rs. 1,900"
"738","
VoiceXtreme V10i","Rs. 3,900"
"739","
VoiceXtreme V20","Rs. 7,950"
"740","
VoiceV142","Rs. 2,150"
"741","
VoiceXtreme V65","Rs. 14,800"
"742","
VoiceXtreme V35","Rs. 11,500"
"743","
VoiceV110","Rs. 2,600"
"744","
VoiceXtreme V90","Rs. 20,900"
"745","
VoiceXtreme X5","Rs. 16,500"
"746","
VoiceV155","Rs. 2,600"
"747","
VoiceV540","Rs. 3,000"
